text,true_emotion,predicted_emotion
"Ananya just grabbed a bible, opened it, started reading, and then said 'where do they talk about burning people?'",anger,fear
Having a baby born too soon is #lifechanging 6 years on and it feels like only yesterday #sad #happy  #emotionalrollercoaster,anger,sadness
"@LaureEve I am sitting here wrapped in a fluffy blanket, with incense burning, listening to Bon Iver and drinking mulled wine. I'm there.",anger,joy
@isthataspider @dhodgs i will fight this guy! Don't insult the lions like that! But seriously they kinda are.Wasted some of the best players,anger,anger
Might just leave and aggravate bae,anger,anger
@IllinoisLoyalty that Rutgers game was an abomination. An affront to God and man. We must never speak of it again.,anger,anger
Sorry guys I have absolutely no idea what time i'll be on cam tomorrow but will keep you posted. ,anger,sadness
@SSheil coincidentally watched Ulzana's Raid last night - brutally indignant filmmaking.,anger,anger
"@huwellwell One chosen by the CLP members! MP seats are not for people to dole out to their mates, we elect candidates. #fuming",anger,anger
@fluffysoftlouis no no. I insist that you give me your best insult first,anger,anger
My eyes have been dilated. I hate the world right now with the rage of a thousand fiery dragons. I need a drink.,anger,anger
Sting is just too damn earnest for early morning listening. ,anger,anger
@RevTrevK @Wolfman93011 @Daraidernation @EROCKhd Take 2k out of it the numbers on madden are low and have dropped and people are unhappy,anger,anger
"You're so thirsty for the chance to disagree w/ the left, that you don't even realize when something is an affront to your bigoted platform.",anger,anger
Sometimes I get mad over something so minuscule I try to ruin somebodies life not like lose your job like get you into federal prison #anger,anger,anger
Everybody talking about 'the first day of fall' but summer '16 is never gonna die #revenge @Drake,anger,anger
Hate when guys cant control their anger üôÉüôÉ,anger,anger
@LeonWobYP b***er off. NCFC is a grudge match :),anger,anger
The rage has died down.,anger,anger
@ZubairSabirPTI  pls dont insult the word 'Molna',anger,anger
I don't want speak front to him #afraid #intimidate #nopanicattack,fear,fear
"At school, my classmate is with me at music class and he sang Hallelujah like, god, with my friend we were breathless.",fear,joy
Another fun fact: i am afraid,fear,fear
"They'll be yo friend, shake your hand, then kick in yo door thas the way the game goü§ñü§ê.",fear,anger
"@soozclifford Sure have... Sydney are too tough, too quick and their 'team' pressure is too much for the Cats to handle. Motlop/Cowan #timid",fear,fear
The Apocalypse has hit our gym and it's  nothing what I thought it would be...\n\nEveryone is wearing vests! What if it's contagious? ,fear,fear
@All4 is the android app it designed to be buggy and work sporadically on a fire TV box? ,fear,anger
Trying to book holiday flights on @britishairways website is becoming a ,fear,sadness
When you're scared to press send #bgoodthepoet #PrayForMe #ThisIsAGodDream #career #help #fear #heart #HeartRacing,fear,fear
#Awareness seek #shelter .#Letgo Old #habit of chasing #desires resultin in #anger #fear #worry .#Choose #Satisfaction within #Peace #Relax,fear,fear
@hollywooddivas @TMZ_Sports Idiots like Larry Sanders scare us All!How can Morons these days Rush 2 Judge #Police w/o all facts yet?FU thugs,fear,anger
It really is amazing the money they give to some of these QB's #nfl #texans #brock ,fear,joy
Hillary Clinton looked the other way to the Saudi war on women and their terror financing because they bought her off.,fear,anger
also i had an awful nightmare involving being sick where worms were involved i was so disgusted when i woke up,fear,sadness
Tweeting from the sporadic wifi on the tube #perilous,fear,fear
@BuzzFeed so this houses will get into my instestines and scare my poop and I'll shit my pants?,fear,fear
@CesarSampao @thisisbolton don't get me started on town centre. Used to go every week.... not been for 18 months #horrible,fear,sadness
"Really.....#Jumanji 2....w/ The Rock, Jack Black, and Kevin Hart...are you kidding me! WTF! #ThisIsATerribleIdea ",fear,anger
The moment you bring her to meet your best friend and you're nervous af! üò¨üòÜ  #thefriendtest,fear,fear
"@spencer0415 awe, I love you kid!!",fear,joy
[Moment of levity on the B41] Baby: I want ISIS! Give me ISIS!\nMom: Shh!\nBaby: I want ISIS!\nWest Indian woman: She wants what?\nMom: *Ices*.,joy,sadness
@MacDsmash you should get some @SSB_Swedish delight,joy,joy
@kwelbyroberts they will come and you will rejoice at their arrival.,joy,joy
Nawaz Sharif is getting more funnier than @kapilsharmak9 day by day.  #challenge #kashmir #baloch,joy,joy
Metal keeps you young and spry and keeps your hair luxurious.\n\nYES\n\nSHUT UP AND LISTEN TO ME,joy,anger
@Gronnhair @buryprofs @DittoBistro it was indeed lovely and the team were incredibly attentive and on the ball. Cheese was a lively gesture!,joy,joy
Chris would take full responsibility and would want us all to rejoice in the memories we all had with him.,joy,joy
"@airtelindia have some issues with my broadband bill ,I am charged for the month before I signed up with airtel.. #hilarious",joy,anger
"Our tone of voice: we're like One Direction, we're thoughtful and timid, yet playful",joy,joy
"@Casper10666 I assure you there is no laughter, but increasing anger at the costs, and arrogance of Westminster.",joy,anger
A #new day to #live and #smile. Hope all the #followers a nice #night or #day. :D,joy,joy
@HunterDean_ [he gives a gleeful squeak and wraps around you] All mine!,joy,joy
How can l rule my mind !!!!!! \nIt's hilarious that you can't üò≠üòëüòÆ,joy,sadness
"@DocBellsSwan *peers down at you, eyes crinkling with mirth and affection* I do love ye so, my bonnie Belle.",joy,joy
"If any trump supporters and Hillary haters wanna chirp some weak minded, pandering liberals just tweet at @EmmyA2 @snickerfritz04",joy,anger
"@diehimbeertonis She developed her 'forced smile'. I can force myself to describe it 'a little hearty maybe, sanki biraz':)",joy,joy
i was so embarrassed when she saw us i was like knvfkkjg she thinks we're stalkers n then she starts waving all cheerfully inviting us in üò©,joy,sadness
Each day is what you make of it! #goals #challenges #business #goals #optimism #happy #success #photographer #photography #ThursdayThoughts,joy,joy
Google caffeine-an sprightly lengthening into the corridor re seo: WgJ,joy,joy
"...at your age, the heyday in the blood is tame...' @TheArtofCharm #shakespeareaninsults #hamlet #elizabethan #williamshakespeare",joy,anger
It feel like we lost a family memberüôÑüòÇ,sadness,sadness
"[ @HedgehogDylan ] *she would frown a bit, folding her arms* 'why is it that every time I'm in need of assistance someone expects a lil **",sadness,anger
"Stars, when you shine,\nYou know how I feel.\nScent of the pine, \nYou know how I feel.\nFreedom is mine,\nI know how I feel.\nI'm feelin' good.",sadness,joy
@kayleighmcenany  @DonaldJTrumpJr Is that really all you can offer for those who sacrifice daily to keep you safe...? @kayleighmcenany ,sadness,anger
I can't WAIT to go to work tomorrow with a high as fuck fever. [sarcasm]\nHopefully I'll feel better tomorrow.\nBut I doubt it. #pessimism,sadness,anger
amateur author Twitter might be the most depressing thing I've ever seen,sadness,sadness
SOBRIETY¬Æ   trying to make being sober fashionable‚Ä¶.can it be done ? #zeroalcohol #soberoctober #clubsoda #nomorehangovers #sober,sadness,joy
"340:892 All with weary task fordone.\nNow the wasted brands do glow,\nWhilst the scritch-owl, scritching loud,\n#AMNDBots",sadness,sadness
"@kempicepoland don't think he did, and he didn't have the rucksack or laptop in his possession, murky business, on that note I'm away to bed",sadness,sadness
"A pessimist is someone who, when opportunity knocks, complains about the noise #mikeshumor",sadness,anger
"We are about a little over an hour away! We will arrive soon, do not fret!",sadness,joy
If Angelina Jolie can't keep a man no one can. Today we mourn because Love is dead,sadness,sadness
Don't depress yourself by comparing yourself. No comparisons.,sadness,sadness
@Barcabhoy1 Of course not. Didn't sink his studs into a knee like Forrester,sadness,anger
aaahhhh! a little @OtisRedding to soothe the soul. #music #blues,sadness,joy
Might go on @RadioX tomorrow to hopefully win a new car. My current one stinks of gone off milk. #grim,sadness,sadness
"@StaceyDavidson_ You're a thief and a liberal mope, investigated by the financial services board for theft of govt retirement funds. THIEF",sadness,anger
"@DxfyingGrxvity - frustration, looking up at Elphaba in a frown of aggravation. Her high pitched voice was growing more and more --",sadness,anger
"Donating to Trump puts a damper on a very exciting @Cubs season. Really bad look, Ricketts family.",sadness,anger
aaahhhh! a little @OtisRedding to soothe the soul. #music ,sadness,joy
